상병진료과목코드,진료과목
00,일반의
01,내과
02,신경과
03,정신과
04,외과
05,정형외과
06,신경외과
07,흉부외과
08,성형외과
09,마취통증의학과
10,산부인과
11,소아청소년과
12,안과
13,이비인후과
14,피부과
15,비뇨기과
16,영상의학과
17,방사선종양학과
18,병리과
19,진단검사의학과
20,결핵과
21,재활의학과
22,핵의학과
23,가정의학과
24,응급의학과
25,산업의학과
26,예방의학과
49,치과
50,구강악안면외과
51,치과보철과
52,치과교정과
53,소아치과
54,치주과
55,치과보존과
56,구강내과
57,구강악안면방사선과
58,구강병리과
59,예방치과
80,한방내과
81,한방부인과
82,한방소아과
83,한방안?이비인후?피부과
84,한방신경정신과
85,침구과
86,한방재활의학과
87,사상체질과
88,한방응급
99,.
